X轴数据,Y轴数据1,Y轴数据2,Y轴数据3,Y轴数据4
0,0,0,0,0
1,1,2,3,4
2,4,8,12,16
3,9,18,27,36
4,16,32,48,64
5,25,50,75,100
6,36,72,108,144
7,49,98,147,196
8,64,128,192,256
9,81,162,243,324
10,100,200,300,400
11,121,242,363,484
12,144,288,432,576
13,169,338,507,676
14,196,392,588,784
15,225,450,675,900
16,256,512,768,1024
17,289,578,867,1156
18,324,648,972,1296
19,361,722,1083,1444
20,400,800,1200,1600