X轴数据,Y轴数据,数据类型
0,0,类型A
1,1,类型A
2,4,类型A
3,9,类型A
4,16,类型A
5,25,类型B
6,36,类型B
7,49,类型B
8,64,类型B
9,81,类型B
10,100,类型C
11,121,类型C
12,144,类型C
13,169,类型C
14,196,类型C
15,225,类型D
16,256,类型D
17,289,类型D
18,324,类型D
19,361,类型D
20,400,类型E
21,441,类型E
22,484,类型E
23,529,类型E
24,576,类型E
25,625,类型F
26,676,类型F
27,729,类型F
28,784,类型F
29,841,类型F
30,900,类型F