X轴数据,Y轴数据1,Y轴数据2,Y轴数据3,数据类型
0,0,0,0,类型A
1,1,2,3,类型A
2,4,8,12,类型A
3,9,18,27,类型A
4,16,32,48,类型A
5,25,50,75,类型B
6,36,72,108,类型B
7,49,98,147,类型B
8,64,128,192,类型B
9,81,162,243,类型B
10,100,200,300,类型C
11,121,242,363,类型C
12,144,288,432,类型C
13,169,338,507,类型C
14,196,392,588,类型C
15,225,450,675,类型D
16,256,512,768,类型D
17,289,578,867,类型D
18,324,648,972,类型D
19,361,722,1083,类型D
20,400,800,1200,类型E